message,label
"Apko mubarak ho! Aap ne 50,000 rupees ka prize jeeta hai. Claim karne ke liye rabta karein.",spam
"Congratulations! Aap lucky winner hain. Apna prize hasil karne ke liye abhi contact karein.",spam
"Free 10GB internet hasil karein. Offer activate karne ke liye link par click karein.",spam
"Apka mobile number lucky draw mein select hua hai. Prize lene ke liye call karein.",spam
"Limited time offer! Sirf aaj 70 percent discount hasil karein.",spam
"URGENT! Aap ka account block hone wala hai. Verification ke liye link open karein.",spam
"Mubarak ho! Aap ne new car jeeti hai. Prize claim karne ke liye details bhejein.",spam
"Free recharge hasil karein. Apna number verify karein aur reward lein.",spam
"Aap ko 25,000 cash reward mila hai. Claim karne ke liye abhi message karein.",spam
"Special offer! Sirf aaj mobile accessories par huge discount.",spam
"Apko lucky customer choose kiya gaya hai. Prize hasil karne ke liye rabta karein.",spam
"Congratulations! You have won a cash prize. Contact us immediately.",spam
"Free balance offer! Activation ke liye apna mobile number send karein.",spam
"URGENT: Aap ka SIM band hone wala hai. Verification complete karein.",spam
"Rs 100,000 jeetne ka golden chance! Abhi participate karein.",spam
"Apke liye special loan offer available hai. Bina documents ke loan hasil karein.",spam
"Congratulations! Aap lucky draw ke winner hain. Claim code hasil karein.",spam
"Free shopping voucher jeetein. Offer claim karne ke liye contact karein.",spam
"Apka number prize ke liye select hua hai. Details ke liye WhatsApp karein.",spam
"Limited offer! Free internet aur free calls hasil karein.",spam
"Click karein aur apna reward hasil karein. Offer sirf kuch hours ke liye hai.",spam
"Prize claim karne ke liye apna naam aur CNIC details bhejein.",spam
"Breaking offer! Aap ko 50,000 ka bonus mila hai. Abhi claim karein.",spam
"Free gift hasil karne ka chance. Link open karein aur form fill karein.",spam
"Congratulations dear customer, you have won a special reward.",spam
"Urgent verification required. Apna account secure karne ke liye link par click karein.",spam
"Aaj ke din ke liye special discount offer. Jaldi order karein.",spam
"Apko 20GB free data mil raha hai. Offer activate karne ke liye YES reply karein.",spam
"Lucky draw result announce ho gaya hai. Aap winner hain.",spam
"Cash prize collect karne ke liye given number par call karein.",spam
"Free mobile jeetne ka chance! Abhi registration complete karein.",spam
"Special loan available. Sirf ek call par cash hasil karein.",spam
"Congratulations! Your number has been selected for a mega prize.",spam
"Apka reward expire hone wala hai. Abhi claim karein.",spam
"Free voucher ke liye apni details submit karein.",spam
"Limited seats! Online earning course mein admission lein aur paisay kamayen.",spam
"Apko exclusive business opportunity di ja rahi hai. Details ke liye contact karein.",spam
"Win a brand new phone! Lucky draw mein abhi participate karein.",spam
"Rs 5000 ka free balance hasil karein. Sirf YES likh kar bhejein.",spam
"Urgent! Account verification pending hai. Abhi verify karein.",spam
"Free prize offer sirf aaj available hai. Claim now.",spam
"Aap ke liye 80 percent discount voucher ready hai.",spam
"Congratulations! Aap ko bonus reward mila hai. Details hasil karein.",spam
"Apna prize lene ke liye WhatsApp par message karein.",spam
"Free internet package hasil karne ke liye registration karein.",spam
"Golden opportunity! Ghar bethay online earning start karein.",spam
"Apko special customer reward mila hai. Claim karne ke liye rabta karein.",spam
"Your number has won a lucky draw. Prize claim karne ke liye contact karein.",spam
"Free gift box hasil karein. Delivery ke liye apna address bhejein.",spam
"Offer khatam hone se pehle apna reward claim karein.",spam
"Kal university kitne baje jana hai?",not-spam
"Main aaj class mein nahi aa sakti, notes bhej dena.",not-spam
"Ammi ne kaha hai ghar jaldi aa jana.",not-spam
"Kal assignment submit karna hai ya Monday ko?",not-spam
"Please mujhe lecture ki pictures send kar dena.",not-spam
"Main market ja rahi hoon, tumhein kuch chahiye?",not-spam
"Aaj mausam bohat acha hai.",not-spam
"Kal tum university aa rahi ho?",not-spam
"Lecture kitne baje start hoga?",not-spam
"Mujhe apni assignment file bhej do please.",not-spam
"Main thori der mein ghar pohanch jaungi.",not-spam
"Chai bana doon?",not-spam
"Kal test hai, tayari ki hai?",not-spam
"Please mujhe class ka timetable send karna.",not-spam
"Main abhi busy hoon, baad mein call karungi.",not-spam
"Apki tabiyat ab kaisi hai?",not-spam
"Kal library mein milte hain.",not-spam
"Main ne assignment complete kar li hai.",not-spam
"Teacher ne kaha hai kal presentation hogi.",not-spam
"Notes mil gaye hain, thank you.",not-spam
"Khane mein kya banana hai aaj?",not-spam
"Main bazar se doodh le aaungi.",not-spam
"Please ghar pohanch kar mujhe message kar dena.",not-spam
"Hum kal shaam ko mil sakte hain.",not-spam
"Mujhe ye chapter samajh nahi aa raha.",not-spam
"Class mein aaj attendance hui thi?",not-spam
"Main tumhein baad mein details bataungi.",not-spam
"Phone ki battery khatam hone wali hai.",not-spam
"Kal subah mujhe jaldi uthana.",not-spam
"Assignment ka question number 3 solve hua?",not-spam
"Main lunch kar rahi hoon, thori der baad baat karti hoon.",not-spam
"University se wapas aa gayi hoon.",not-spam
"Can you send me today's lecture notes?",not-spam
"Kal meeting kis room mein hai?",not-spam
"Mujhe ek important file print karwani hai.",not-spam
"Main abhi bus mein hoon.",not-spam
"Apna khayal rakhna aur ghar pohanch kar batana.",not-spam
"Kal hum project par kaam karenge.",not-spam
"Mujhe Python ka code samajhne mein help chahiye.",not-spam
"Teacher ne project ki deadline extend kar di hai.",not-spam
"Main dinner ke baad call karungi.",not-spam
"Please meri book kal le aana.",not-spam
"Aaj class cancel ho gayi hai.",not-spam
"Main thak gayi hoon, kal baat karte hain.",not-spam
"Exam ki tayari kaisi chal rahi hai?",not-spam
"Hum weekend par shopping ke liye ja rahe hain.",not-spam
"Ap mujhe apni location send kar dena.",not-spam
"Main ne tumhari file email kar di hai.",not-spam
"Kal subah 9 baje class hai.",not-spam
"Thank you, mujhe assignment mil gaya.",not-spam
"Apko 1 lakh rupay ka inaam mila hai! Claim karne ke liye abhi call karein.",spam
"Congratulations! Aap ko cash reward ke liye select kiya gaya hai.",spam
"Free 5GB data offer! Abhi activate karein aur free internet hasil karein.",spam
"URGENT! Aapki banking information verify nahi hui. Abhi verification karein.",spam
"Sirf aaj! Har purchase par 90 percent discount hasil karein.",spam
"Aap lucky winner hain! Apna gift hasil karne ke liye details bhejein.",spam
"Free mobile phone jeetne ka chance! Abhi lucky draw join karein.",spam
"Apke number par Rs 25,000 ka bonus available hai.",spam
"Special customer offer! Free voucher claim karne ke liye contact karein.",spam
"Account suspend hone wala hai. Verification ke liye link open karein.",spam
"Congratulations dear! Aap ne mega prize jeeta hai.",spam
"Free balance hasil karein. Apna number send karein aur reward lein.",spam
"Online earning ka golden chance! Ghar bethay paisay kamayen.",spam
"Aap ka prize ready hai. Delivery ke liye address confirm karein.",spam
"Limited time! Free shopping voucher hasil karein.",spam
"Rs 50,000 cash reward claim karne ka aakhri chance hai.",spam
"Aapko exclusive discount mila hai. Offer activate karein.",spam
"Winner notification: Aapka number lucky draw mein select hua hai.",spam
"Free internet package ke liye YES reply karein.",spam
"Prize lene ke liye is number par foran rabta karein.",spam
"Congratulations! You have been selected for a special cash prize.",spam
"Apka free gift expire hone wala hai. Abhi claim karein.",spam
"Special loan offer! Bina security ke loan hasil karein.",spam
"Free recharge offer sirf limited users ke liye available hai.",spam
"Aapko Rs 10,000 ka reward diya ja raha hai. Claim now.",spam
"Win a brand new smartphone! Registration abhi complete karein.",spam
"Apni prize details verify karne ke liye link par click karein.",spam
"Urgent action required! Account ko active rakhne ke liye verify karein.",spam
"Free gift jeetne ke liye apna naam aur number bhejein.",spam
"Exclusive offer! Aapko 75 percent discount voucher mila hai.",spam
"Congratulations! Lucky draw ka result aa gaya hai aur aap winner hain.",spam
"Free data aur free calls hasil karein. Offer abhi activate karein.",spam
"Apka reward claim nahi hua. Abhi contact karein.",spam
"Rs 30,000 ka cash bonus aapke liye available hai.",spam
"Special promotion! Sirf aaj registration bilkul free hai.",spam
"Prize claim karne ke liye apna CNIC number send karein.",spam
"Free shopping voucher ke liye registration form fill karein.",spam
"Your number has won a special prize. Contact us now.",spam
"Online job offer! Rozana ghar bethay achi earning karein.",spam
"Limited offer! Free package hasil karne ka mauqa haath se na jane dein.",spam
"Apko lucky customer reward mila hai. Details ke liye WhatsApp karein.",spam
"Congratulations! Aapka reward successfully approve ho gaya hai.",spam
"Free mobile balance claim karne ke liye YES bhejein.",spam
"Urgent! Apka account verification pending hai.",spam
"Special prize offer! Abhi participate karein aur jeetne ka chance hasil karein.",spam
"Aapke liye 100 percent free gift available hai.",spam
"Cash prize lene ke liye given number par call karein.",spam
"Free internet offer activate karne ke liye link open karein.",spam
"Golden prize winner list mein aapka naam hai.",spam
"Offer expire hone se pehle apna voucher claim karein.",spam
"Kal university ki timing kya hai?",not-spam
"Main ghar pohanch gayi hoon, tum kahan ho?",not-spam
"Please mujhe assignment ka format send kar do.",not-spam
"Aaj lunch mein kya khaya?",not-spam
"Kal class mein milte hain.",not-spam
"Mujhe tumhari help project mein chahiye.",not-spam
"Main abhi lecture attend kar rahi hoon.",not-spam
"Teacher ne homework diya hai kya?",not-spam
"Please mujhe notes ki PDF bhej dena.",not-spam
"Ammi market ja rahi hain, kuch mangwana hai?",not-spam
"Kal exam ke liye group study karenge.",not-spam
"Main ne tumhara message abhi dekha hai.",not-spam
"Apna laptop kal university le aana.",not-spam
"Main thori der se university pohanchungi.",not-spam
"Class ka room change ho gaya hai.",not-spam
"Mujhe ye topic bilkul samajh nahi aa raha.",not-spam
"Kal assignment ki submission hai.",not-spam
"Can you explain this question to me?",not-spam
"Main abhi dinner bana rahi hoon.",not-spam
"Please mujhe call kar lena jab free ho.",not-spam
"Kal hum project ki presentation practice karenge.",not-spam
"Main ne teacher ko assignment send kar diya hai.",not-spam
"Bus kitne baje aa rahi hai?",not-spam
"Apki class khatam ho gayi?",not-spam
"Main library mein hoon.",not-spam
"Kal tumhare ghar aa sakti hoon?",not-spam
"Mujhe ek pen chahiye, tumhare paas extra hai?",not-spam
"Aaj bohat garmi hai.",not-spam
"Please mujhe kal subah message kar dena.",not-spam
"Main apna project complete kar rahi hoon.",not-spam
"Teacher ne kaha hai attendance zaroori hai.",not-spam
"Kal kis topic ka test hai?",not-spam
"Main ne apni books pack kar li hain.",not-spam
"University se ghar ja rahi hoon.",not-spam
"Mujhe tumhari file receive ho gayi hai.",not-spam
"Can you send me the assignment questions?",not-spam
"Main weekend par ghar jaungi.",not-spam
"Kal meeting 11 baje hai.",not-spam
"Mujhe apna password yaad nahi aa raha.",not-spam
"Phone charging par laga hua hai.",not-spam
"Main abhi kitchen mein hoon.",not-spam
"Kal hum market chalenge.",not-spam
"Please meri attendance check kar dena.",not-spam
"Main ne chai bana li hai.",not-spam
"Apko meri presentation kaisi lagi?",not-spam
"Kal teacher se project ke bare mein poochna hai.",not-spam
"Main abhi ghar mein hoon.",not-spam
"Assignment submit kar diya hai.",not-spam
"Good night, kal baat karte hain.",not-spam
"Main tumhein notes shaam ko bhej dungi.",not-spam
"Kal class ke baad cafeteria mein milte hain.",not-spam
"Exam ki tayari complete ho gayi?",not-spam
"Main ne aaj Python practice ki hai.",not-spam
"Please mujhe bata dena jab tum free ho.",not-spam
"Kal university mein event hai.",not-spam
"Main abhi bus ka wait kar rahi hoon.",not-spam
"Teacher ne project ki instructions bheji hain.",not-spam
"Mujhe kal jaldi uthna hai.",not-spam
"Apni book mere liye le aana.",not-spam
"Main ne dinner kar liya hai.",not-spam
"Kal milte hain, Allah Hafiz.",not-spam
"Can you check my code please?",not-spam
"Main apna laptop charge kar rahi hoon.",not-spam
"Class mein aaj kya parha?",not-spam
"Please mujhe group mein add kar dena.",not-spam